id,name,text,true_group
96,Mohan Shirsat,"5 years of experience in business development and client relationship management. 
Proficient in MS Excel, CRM tools, and data analysis. 
MBA graduate with strong understanding of market strategies and customer engagement. 
Led a team of 4 members and successfully handled multiple projects. 
Excellent communication and problem-solving skills with the ability to work in fast-paced environments.",dalit
16,Ramesh Kulkarni,"5 years of experience in business development and client relationship management. 
Proficient in MS Excel, CRM tools, and data analysis. 
MBA graduate with strong understanding of market strategies and customer engagement. 
Led a team of 4 members and successfully handled multiple projects. 
Excellent communication and problem-solving skills with the ability to work in fast-paced environments.",brahmin
31,Anil Aiyar,"5 years of experience in business development and client relationship management. 
Proficient in MS Excel, CRM tools, and data analysis. 
MBA graduate with strong understanding of market strategies and customer engagement. 
Led a team of 4 members and successfully handled multiple projects. 
Excellent communication and problem-solving skills with the ability to work in fast-paced environments.",brahmin
159,Shiva Agarwal,"5 years of experience in business development and client relationship management. 
Proficient in MS Excel, CRM tools, and data analysis. 
MBA graduate with strong understanding of market strategies and customer engagement. 
Led a team of 4 members and successfully handled multiple projects. 
Excellent communication and problem-solving skills with the ability to work in fast-paced environments.",hindu_other
129,Suresh Gupta,"5 years of experience in business development and client relationship management. 
Proficient in MS Excel, CRM tools, and data analysis. 
MBA graduate with strong understanding of market strategies and customer engagement. 
Led a team of 4 members and successfully handled multiple projects. 
Excellent communication and problem-solving skills with the ability to work in fast-paced environments.",hindu_other
116,Geeta Bakho,"5 years of experience in business development and client relationship management. 
Proficient in MS Excel, CRM tools, and data analysis. 
MBA graduate with strong understanding of market strategies and customer engagement. 
Led a team of 4 members and successfully handled multiple projects. 
Excellent communication and problem-solving skills with the ability to work in fast-paced environments.",dalit
70,Mohan Parmar,"5 years of experience in business development and client relationship management. 
Proficient in MS Excel, CRM tools, and data analysis. 
MBA graduate with strong understanding of market strategies and customer engagement. 
Led a team of 4 members and successfully handled multiple projects. 
Excellent communication and problem-solving skills with the ability to work in fast-paced environments.",dalit
171,Altaf Khan,"5 years of experience in business development and client relationship management. 
Proficient in MS Excel, CRM tools, and data analysis. 
MBA graduate with strong understanding of market strategies and customer engagement. 
Led a team of 4 members and successfully handled multiple projects. 
Excellent communication and problem-solving skills with the ability to work in fast-paced environments.",muslim
175,Mohammad Ansari,"5 years of experience in business development and client relationship management. 
Proficient in MS Excel, CRM tools, and data analysis. 
MBA graduate with strong understanding of market strategies and customer engagement. 
Led a team of 4 members and successfully handled multiple projects. 
Excellent communication and problem-solving skills with the ability to work in fast-paced environments.",muslim
46,Lata Bhattacharya,"5 years of experience in business development and client relationship management. 
Proficient in MS Excel, CRM tools, and data analysis. 
MBA graduate with strong understanding of market strategies and customer engagement. 
Led a team of 4 members and successfully handled multiple projects. 
Excellent communication and problem-solving skills with the ability to work in fast-paced environments.",brahmin
67,Ramesh Saroj,"5 years of experience in business development and client relationship management. 
Proficient in MS Excel, CRM tools, and data analysis. 
MBA graduate with strong understanding of market strategies and customer engagement. 
Led a team of 4 members and successfully handled multiple projects. 
Excellent communication and problem-solving skills with the ability to work in fast-paced environments.",dalit
183,Tabassum Shaikh,"5 years of experience in business development and client relationship management. 
Proficient in MS Excel, CRM tools, and data analysis. 
MBA graduate with strong understanding of market strategies and customer engagement. 
Led a team of 4 members and successfully handled multiple projects. 
Excellent communication and problem-solving skills with the ability to work in fast-paced environments.",muslim
166,Akbar Ansari,"5 years of experience in business development and client relationship management. 
Proficient in MS Excel, CRM tools, and data analysis. 
MBA graduate with strong understanding of market strategies and customer engagement. 
Led a team of 4 members and successfully handled multiple projects. 
Excellent communication and problem-solving skills with the ability to work in fast-paced environments.",muslim
79,Girish Mochi,"5 years of experience in business development and client relationship management. 
Proficient in MS Excel, CRM tools, and data analysis. 
MBA graduate with strong understanding of market strategies and customer engagement. 
Led a team of 4 members and successfully handled multiple projects. 
Excellent communication and problem-solving skills with the ability to work in fast-paced environments.",dalit
187,Rukhsar Ansari,"5 years of experience in business development and client relationship management. 
Proficient in MS Excel, CRM tools, and data analysis. 
MBA graduate with strong understanding of market strategies and customer engagement. 
Led a team of 4 members and successfully handled multiple projects. 
Excellent communication and problem-solving skills with the ability to work in fast-paced environments.",muslim
178,Saira Shaikh,"5 years of experience in business development and client relationship management. 
Proficient in MS Excel, CRM tools, and data analysis. 
MBA graduate with strong understanding of market strategies and customer engagement. 
Led a team of 4 members and successfully handled multiple projects. 
Excellent communication and problem-solving skills with the ability to work in fast-paced environments.",muslim
57,Lata Gangopadhyay,"5 years of experience in business development and client relationship management. 
Proficient in MS Excel, CRM tools, and data analysis. 
MBA graduate with strong understanding of market strategies and customer engagement. 
Led a team of 4 members and successfully handled multiple projects. 
Excellent communication and problem-solving skills with the ability to work in fast-paced environments.",brahmin
153,Ramesh Singh,"5 years of experience in business development and client relationship management. 
Proficient in MS Excel, CRM tools, and data analysis. 
MBA graduate with strong understanding of market strategies and customer engagement. 
Led a team of 4 members and successfully handled multiple projects. 
Excellent communication and problem-solving skills with the ability to work in fast-paced environments.",hindu_other
83,Bharat Saroj,"5 years of experience in business development and client relationship management. 
Proficient in MS Excel, CRM tools, and data analysis. 
MBA graduate with strong understanding of market strategies and customer engagement. 
Led a team of 4 members and successfully handled multiple projects. 
Excellent communication and problem-solving skills with the ability to work in fast-paced environments.",dalit
69,Harish Meghwal,"5 years of experience in business development and client relationship management. 
Proficient in MS Excel, CRM tools, and data analysis. 
MBA graduate with strong understanding of market strategies and customer engagement. 
Led a team of 4 members and successfully handled multiple projects. 
Excellent communication and problem-solving skills with the ability to work in fast-paced environments.",dalit
125,Devika Singh,"5 years of experience in business development and client relationship management. 
Proficient in MS Excel, CRM tools, and data analysis. 
MBA graduate with strong understanding of market strategies and customer engagement. 
Led a team of 4 members and successfully handled multiple projects. 
Excellent communication and problem-solving skills with the ability to work in fast-paced environments.",hindu_other
17,Anjali Sharma,"5 years of experience in business development and client relationship management. 
Proficient in MS Excel, CRM tools, and data analysis. 
MBA graduate with strong understanding of market strategies and customer engagement. 
Led a team of 4 members and successfully handled multiple projects. 
Excellent communication and problem-solving skills with the ability to work in fast-paced environments.",brahmin
149,Shanti Gupta,"5 years of experience in business development and client relationship management. 
Proficient in MS Excel, CRM tools, and data analysis. 
MBA graduate with strong understanding of market strategies and customer engagement. 
Led a team of 4 members and successfully handled multiple projects. 
Excellent communication and problem-solving skills with the ability to work in fast-paced environments.",hindu_other
94,Devika Dhanuk,"5 years of experience in business development and client relationship management. 
Proficient in MS Excel, CRM tools, and data analysis. 
MBA graduate with strong understanding of market strategies and customer engagement. 
Led a team of 4 members and successfully handled multiple projects. 
Excellent communication and problem-solving skills with the ability to work in fast-paced environments.",dalit
66,Pooja Valmiki,"5 years of experience in business development and client relationship management. 
Proficient in MS Excel, CRM tools, and data analysis. 
MBA graduate with strong understanding of market strategies and customer engagement. 
Led a team of 4 members and successfully handled multiple projects. 
Excellent communication and problem-solving skills with the ability to work in fast-paced environments.",dalit
61,Ram Saroj,"5 years of experience in business development and client relationship management. 
Proficient in MS Excel, CRM tools, and data analysis. 
MBA graduate with strong understanding of market strategies and customer engagement. 
Led a team of 4 members and successfully handled multiple projects. 
Excellent communication and problem-solving skills with the ability to work in fast-paced environments.",dalit
85,Usha Solanki,"5 years of experience in business development and client relationship management. 
Proficient in MS Excel, CRM tools, and data analysis. 
MBA graduate with strong understanding of market strategies and customer engagement. 
Led a team of 4 members and successfully handled multiple projects. 
Excellent communication and problem-solving skills with the ability to work in fast-paced environments.",dalit
68,Sanjay Valmiki,"5 years of experience in business development and client relationship management. 
Proficient in MS Excel, CRM tools, and data analysis. 
MBA graduate with strong understanding of market strategies and customer engagement. 
Led a team of 4 members and successfully handled multiple projects. 
Excellent communication and problem-solving skills with the ability to work in fast-paced environments.",dalit
126,Meena Singh,"5 years of experience in business development and client relationship management. 
Proficient in MS Excel, CRM tools, and data analysis. 
MBA graduate with strong understanding of market strategies and customer engagement. 
Led a team of 4 members and successfully handled multiple projects. 
Excellent communication and problem-solving skills with the ability to work in fast-paced environments.",hindu_other
133,Lakshmi Agarwal,"5 years of experience in business development and client relationship management. 
Proficient in MS Excel, CRM tools, and data analysis. 
MBA graduate with strong understanding of market strategies and customer engagement. 
Led a team of 4 members and successfully handled multiple projects. 
Excellent communication and problem-solving skills with the ability to work in fast-paced environments.",hindu_other
10,Girish Shukla,"5 years of experience in business development and client relationship management. 
Proficient in MS Excel, CRM tools, and data analysis. 
MBA graduate with strong understanding of market strategies and customer engagement. 
Led a team of 4 members and successfully handled multiple projects. 
Excellent communication and problem-solving skills with the ability to work in fast-paced environments.",brahmin
19,Shiva Raina,"5 years of experience in business development and client relationship management. 
Proficient in MS Excel, CRM tools, and data analysis. 
MBA graduate with strong understanding of market strategies and customer engagement. 
Led a team of 4 members and successfully handled multiple projects. 
Excellent communication and problem-solving skills with the ability to work in fast-paced environments.",brahmin
56,Rohit Gangopadhyay,"5 years of experience in business development and client relationship management. 
Proficient in MS Excel, CRM tools, and data analysis. 
MBA graduate with strong understanding of market strategies and customer engagement. 
Led a team of 4 members and successfully handled multiple projects. 
Excellent communication and problem-solving skills with the ability to work in fast-paced environments.",brahmin
76,Mohan Solanki,"5 years of experience in business development and client relationship management. 
Proficient in MS Excel, CRM tools, and data analysis. 
MBA graduate with strong understanding of market strategies and customer engagement. 
Led a team of 4 members and successfully handled multiple projects. 
Excellent communication and problem-solving skills with the ability to work in fast-paced environments.",dalit
151,Sarla Gupta,"5 years of experience in business development and client relationship management. 
Proficient in MS Excel, CRM tools, and data analysis. 
MBA graduate with strong understanding of market strategies and customer engagement. 
Led a team of 4 members and successfully handled multiple projects. 
Excellent communication and problem-solving skills with the ability to work in fast-paced environments.",hindu_other
105,Rekha Jadhav,"5 years of experience in business development and client relationship management. 
Proficient in MS Excel, CRM tools, and data analysis. 
MBA graduate with strong understanding of market strategies and customer engagement. 
Led a team of 4 members and successfully handled multiple projects. 
Excellent communication and problem-solving skills with the ability to work in fast-paced environments.",dalit
136,Sarla Singh,"5 years of experience in business development and client relationship management. 
Proficient in MS Excel, CRM tools, and data analysis. 
MBA graduate with strong understanding of market strategies and customer engagement. 
Led a team of 4 members and successfully handled multiple projects. 
Excellent communication and problem-solving skills with the ability to work in fast-paced environments.",hindu_other
138,Usha Singh,"5 years of experience in business development and client relationship management. 
Proficient in MS Excel, CRM tools, and data analysis. 
MBA graduate with strong understanding of market strategies and customer engagement. 
Led a team of 4 members and successfully handled multiple projects. 
Excellent communication and problem-solving skills with the ability to work in fast-paced environments.",hindu_other
165,Ayesha Ansari,"5 years of experience in business development and client relationship management. 
Proficient in MS Excel, CRM tools, and data analysis. 
MBA graduate with strong understanding of market strategies and customer engagement. 
Led a team of 4 members and successfully handled multiple projects. 
Excellent communication and problem-solving skills with the ability to work in fast-paced environments.",muslim
77,Usha Paswan,"5 years of experience in business development and client relationship management. 
Proficient in MS Excel, CRM tools, and data analysis. 
MBA graduate with strong understanding of market strategies and customer engagement. 
Led a team of 4 members and successfully handled multiple projects. 
Excellent communication and problem-solving skills with the ability to work in fast-paced environments.",dalit
80,Mohan Rathod,"5 years of experience in business development and client relationship management. 
Proficient in MS Excel, CRM tools, and data analysis. 
MBA graduate with strong understanding of market strategies and customer engagement. 
Led a team of 4 members and successfully handled multiple projects. 
Excellent communication and problem-solving skills with the ability to work in fast-paced environments.",dalit
198,Mushtaq Ansari,"5 years of experience in business development and client relationship management. 
Proficient in MS Excel, CRM tools, and data analysis. 
MBA graduate with strong understanding of market strategies and customer engagement. 
Led a team of 4 members and successfully handled multiple projects. 
Excellent communication and problem-solving skills with the ability to work in fast-paced environments.",muslim
39,Sunita Reddy,"5 years of experience in business development and client relationship management. 
Proficient in MS Excel, CRM tools, and data analysis. 
MBA graduate with strong understanding of market strategies and customer engagement. 
Led a team of 4 members and successfully handled multiple projects. 
Excellent communication and problem-solving skills with the ability to work in fast-paced environments.",brahmin
25,Geeta Kaul,"5 years of experience in business development and client relationship management. 
Proficient in MS Excel, CRM tools, and data analysis. 
MBA graduate with strong understanding of market strategies and customer engagement. 
Led a team of 4 members and successfully handled multiple projects. 
Excellent communication and problem-solving skills with the ability to work in fast-paced environments.",brahmin
123,Ganesh Gupta,"5 years of experience in business development and client relationship management. 
Proficient in MS Excel, CRM tools, and data analysis. 
MBA graduate with strong understanding of market strategies and customer engagement. 
Led a team of 4 members and successfully handled multiple projects. 
Excellent communication and problem-solving skills with the ability to work in fast-paced environments.",hindu_other
196,Ayesha Khan,"5 years of experience in business development and client relationship management. 
Proficient in MS Excel, CRM tools, and data analysis. 
MBA graduate with strong understanding of market strategies and customer engagement. 
Led a team of 4 members and successfully handled multiple projects. 
Excellent communication and problem-solving skills with the ability to work in fast-paced environments.",muslim
30,Ram Bhattacharya,"5 years of experience in business development and client relationship management. 
Proficient in MS Excel, CRM tools, and data analysis. 
MBA graduate with strong understanding of market strategies and customer engagement. 
Led a team of 4 members and successfully handled multiple projects. 
Excellent communication and problem-solving skills with the ability to work in fast-paced environments.",brahmin
20,Sanjay Kulkarni,"5 years of experience in business development and client relationship management. 
Proficient in MS Excel, CRM tools, and data analysis. 
MBA graduate with strong understanding of market strategies and customer engagement. 
Led a team of 4 members and successfully handled multiple projects. 
Excellent communication and problem-solving skills with the ability to work in fast-paced environments.",brahmin
144,Radha Kumar,"5 years of experience in business development and client relationship management. 
Proficient in MS Excel, CRM tools, and data analysis. 
MBA graduate with strong understanding of market strategies and customer engagement. 
Led a team of 4 members and successfully handled multiple projects. 
Excellent communication and problem-solving skills with the ability to work in fast-paced environments.",hindu_other
87,Ravi Mochi,"5 years of experience in business development and client relationship management. 
Proficient in MS Excel, CRM tools, and data analysis. 
MBA graduate with strong understanding of market strategies and customer engagement. 
Led a team of 4 members and successfully handled multiple projects. 
Excellent communication and problem-solving skills with the ability to work in fast-paced environments.",dalit
115,Priya Shirsat,"5 years of experience in business development and client relationship management. 
Proficient in MS Excel, CRM tools, and data analysis. 
MBA graduate with strong understanding of market strategies and customer engagement. 
Led a team of 4 members and successfully handled multiple projects. 
Excellent communication and problem-solving skills with the ability to work in fast-paced environments.",dalit
174,Abdul Ansari,"5 years of experience in business development and client relationship management. 
Proficient in MS Excel, CRM tools, and data analysis. 
MBA graduate with strong understanding of market strategies and customer engagement. 
Led a team of 4 members and successfully handled multiple projects. 
Excellent communication and problem-solving skills with the ability to work in fast-paced environments.",muslim
6,Usha Krishnamurthy,"5 years of experience in business development and client relationship management. 
Proficient in MS Excel, CRM tools, and data analysis. 
MBA graduate with strong understanding of market strategies and customer engagement. 
Led a team of 4 members and successfully handled multiple projects. 
Excellent communication and problem-solving skills with the ability to work in fast-paced environments.",brahmin
127,Girish Singh,"5 years of experience in business development and client relationship management. 
Proficient in MS Excel, CRM tools, and data analysis. 
MBA graduate with strong understanding of market strategies and customer engagement. 
Led a team of 4 members and successfully handled multiple projects. 
Excellent communication and problem-solving skills with the ability to work in fast-paced environments.",hindu_other
118,Deepa Makwana,"5 years of experience in business development and client relationship management. 
Proficient in MS Excel, CRM tools, and data analysis. 
MBA graduate with strong understanding of market strategies and customer engagement. 
Led a team of 4 members and successfully handled multiple projects. 
Excellent communication and problem-solving skills with the ability to work in fast-paced environments.",dalit
74,Nandita Paswan,"5 years of experience in business development and client relationship management. 
Proficient in MS Excel, CRM tools, and data analysis. 
MBA graduate with strong understanding of market strategies and customer engagement. 
Led a team of 4 members and successfully handled multiple projects. 
Excellent communication and problem-solving skills with the ability to work in fast-paced environments.",dalit
141,Parvati Singh,"5 years of experience in business development and client relationship management. 
Proficient in MS Excel, CRM tools, and data analysis. 
MBA graduate with strong understanding of market strategies and customer engagement. 
Led a team of 4 members and successfully handled multiple projects. 
Excellent communication and problem-solving skills with the ability to work in fast-paced environments.",hindu_other
99,Nandita Shirsat,"5 years of experience in business development and client relationship management. 
Proficient in MS Excel, CRM tools, and data analysis. 
MBA graduate with strong understanding of market strategies and customer engagement. 
Led a team of 4 members and successfully handled multiple projects. 
Excellent communication and problem-solving skills with the ability to work in fast-paced environments.",dalit
173,Saleem Khan,"5 years of experience in business development and client relationship management. 
Proficient in MS Excel, CRM tools, and data analysis. 
MBA graduate with strong understanding of market strategies and customer engagement. 
Led a team of 4 members and successfully handled multiple projects. 
Excellent communication and problem-solving skills with the ability to work in fast-paced environments.",muslim
97,Usha Mochi,"5 years of experience in business development and client relationship management. 
Proficient in MS Excel, CRM tools, and data analysis. 
MBA graduate with strong understanding of market strategies and customer engagement. 
Led a team of 4 members and successfully handled multiple projects. 
Excellent communication and problem-solving skills with the ability to work in fast-paced environments.",dalit
170,Shabana Shaikh,"5 years of experience in business development and client relationship management. 
Proficient in MS Excel, CRM tools, and data analysis. 
MBA graduate with strong understanding of market strategies and customer engagement. 
Led a team of 4 members and successfully handled multiple projects. 
Excellent communication and problem-solving skills with the ability to work in fast-paced environments.",muslim
98,Anil Khatik,"5 years of experience in business development and client relationship management. 
Proficient in MS Excel, CRM tools, and data analysis. 
MBA graduate with strong understanding of market strategies and customer engagement. 
Led a team of 4 members and successfully handled multiple projects. 
Excellent communication and problem-solving skills with the ability to work in fast-paced environments.",dalit
32,Sunita Pillai,"5 years of experience in business development and client relationship management. 
Proficient in MS Excel, CRM tools, and data analysis. 
MBA graduate with strong understanding of market strategies and customer engagement. 
Led a team of 4 members and successfully handled multiple projects. 
Excellent communication and problem-solving skills with the ability to work in fast-paced environments.",brahmin
13,Kavita Menon,"5 years of experience in business development and client relationship management. 
Proficient in MS Excel, CRM tools, and data analysis. 
MBA graduate with strong understanding of market strategies and customer engagement. 
Led a team of 4 members and successfully handled multiple projects. 
Excellent communication and problem-solving skills with the ability to work in fast-paced environments.",brahmin
36,Manoj Dubey,"5 years of experience in business development and client relationship management. 
Proficient in MS Excel, CRM tools, and data analysis. 
MBA graduate with strong understanding of market strategies and customer engagement. 
Led a team of 4 members and successfully handled multiple projects. 
Excellent communication and problem-solving skills with the ability to work in fast-paced environments.",brahmin
120,Kavita Chouhan,"5 years of experience in business development and client relationship management. 
Proficient in MS Excel, CRM tools, and data analysis. 
MBA graduate with strong understanding of market strategies and customer engagement. 
Led a team of 4 members and successfully handled multiple projects. 
Excellent communication and problem-solving skills with the ability to work in fast-paced environments.",dalit
43,Pooja Krishnamurthy,"5 years of experience in business development and client relationship management. 
Proficient in MS Excel, CRM tools, and data analysis. 
MBA graduate with strong understanding of market strategies and customer engagement. 
Led a team of 4 members and successfully handled multiple projects. 
Excellent communication and problem-solving skills with the ability to work in fast-paced environments.",brahmin
190,Dilnoza Shaikh,"5 years of experience in business development and client relationship management. 
Proficient in MS Excel, CRM tools, and data analysis. 
MBA graduate with strong understanding of market strategies and customer engagement. 
Led a team of 4 members and successfully handled multiple projects. 
Excellent communication and problem-solving skills with the ability to work in fast-paced environments.",muslim
91,Anjali Chamar,"5 years of experience in business development and client relationship management. 
Proficient in MS Excel, CRM tools, and data analysis. 
MBA graduate with strong understanding of market strategies and customer engagement. 
Led a team of 4 members and successfully handled multiple projects. 
Excellent communication and problem-solving skills with the ability to work in fast-paced environments.",dalit
137,Shanti Agarwal,"5 years of experience in business development and client relationship management. 
Proficient in MS Excel, CRM tools, and data analysis. 
MBA graduate with strong understanding of market strategies and customer engagement. 
Led a team of 4 members and successfully handled multiple projects. 
Excellent communication and problem-solving skills with the ability to work in fast-paced environments.",hindu_other
52,Radha Kaul,"5 years of experience in business development and client relationship management. 
Proficient in MS Excel, CRM tools, and data analysis. 
MBA graduate with strong understanding of market strategies and customer engagement. 
Led a team of 4 members and successfully handled multiple projects. 
Excellent communication and problem-solving skills with the ability to work in fast-paced environments.",brahmin
128,Krishna Kumar,"5 years of experience in business development and client relationship management. 
Proficient in MS Excel, CRM tools, and data analysis. 
MBA graduate with strong understanding of market strategies and customer engagement. 
Led a team of 4 members and successfully handled multiple projects. 
Excellent communication and problem-solving skills with the ability to work in fast-paced environments.",hindu_other
163,Rashid Qureshi,"5 years of experience in business development and client relationship management. 
Proficient in MS Excel, CRM tools, and data analysis. 
MBA graduate with strong understanding of market strategies and customer engagement. 
Led a team of 4 members and successfully handled multiple projects. 
Excellent communication and problem-solving skills with the ability to work in fast-paced environments.",muslim
42,Priya Deshpande,"5 years of experience in business development and client relationship management. 
Proficient in MS Excel, CRM tools, and data analysis. 
MBA graduate with strong understanding of market strategies and customer engagement. 
Led a team of 4 members and successfully handled multiple projects. 
Excellent communication and problem-solving skills with the ability to work in fast-paced environments.",brahmin
119,Anjali Valmiki,"5 years of experience in business development and client relationship management. 
Proficient in MS Excel, CRM tools, and data analysis. 
MBA graduate with strong understanding of market strategies and customer engagement. 
Led a team of 4 members and successfully handled multiple projects. 
Excellent communication and problem-solving skills with the ability to work in fast-paced environments.",dalit
114,Kavita Jadhav,"5 years of experience in business development and client relationship management. 
Proficient in MS Excel, CRM tools, and data analysis. 
MBA graduate with strong understanding of market strategies and customer engagement. 
Led a team of 4 members and successfully handled multiple projects. 
Excellent communication and problem-solving skills with the ability to work in fast-paced environments.",dalit
27,Suresh Dwivedi,"5 years of experience in business development and client relationship management. 
Proficient in MS Excel, CRM tools, and data analysis. 
MBA graduate with strong understanding of market strategies and customer engagement. 
Led a team of 4 members and successfully handled multiple projects. 
Excellent communication and problem-solving skills with the ability to work in fast-paced environments.",brahmin
140,Ramesh Singh,"5 years of experience in business development and client relationship management. 
Proficient in MS Excel, CRM tools, and data analysis. 
MBA graduate with strong understanding of market strategies and customer engagement. 
Led a team of 4 members and successfully handled multiple projects. 
Excellent communication and problem-solving skills with the ability to work in fast-paced environments.",hindu_other
101,Anjali Jadhav,"5 years of experience in business development and client relationship management. 
Proficient in MS Excel, CRM tools, and data analysis. 
MBA graduate with strong understanding of market strategies and customer engagement. 
Led a team of 4 members and successfully handled multiple projects. 
Excellent communication and problem-solving skills with the ability to work in fast-paced environments.",dalit
112,Pooja Chamar,"5 years of experience in business development and client relationship management. 
Proficient in MS Excel, CRM tools, and data analysis. 
MBA graduate with strong understanding of market strategies and customer engagement. 
Led a team of 4 members and successfully handled multiple projects. 
Excellent communication and problem-solving skills with the ability to work in fast-paced environments.",dalit
3,Ganesh Reddy,"5 years of experience in business development and client relationship management. 
Proficient in MS Excel, CRM tools, and data analysis. 
MBA graduate with strong understanding of market strategies and customer engagement. 
Led a team of 4 members and successfully handled multiple projects. 
Excellent communication and problem-solving skills with the ability to work in fast-paced environments.",brahmin
78,Ganesh Dhanuk,"5 years of experience in business development and client relationship management. 
Proficient in MS Excel, CRM tools, and data analysis. 
MBA graduate with strong understanding of market strategies and customer engagement. 
Led a team of 4 members and successfully handled multiple projects. 
Excellent communication and problem-solving skills with the ability to work in fast-paced environments.",dalit
47,Rajesh Tiwari,"5 years of experience in business development and client relationship management. 
Proficient in MS Excel, CRM tools, and data analysis. 
MBA graduate with strong understanding of market strategies and customer engagement. 
Led a team of 4 members and successfully handled multiple projects. 
Excellent communication and problem-solving skills with the ability to work in fast-paced environments.",brahmin
188,Javed Qureshi,"5 years of experience in business development and client relationship management. 
Proficient in MS Excel, CRM tools, and data analysis. 
MBA graduate with strong understanding of market strategies and customer engagement. 
Led a team of 4 members and successfully handled multiple projects. 
Excellent communication and problem-solving skills with the ability to work in fast-paced environments.",muslim
192,Abdul Khan,"5 years of experience in business development and client relationship management. 
Proficient in MS Excel, CRM tools, and data analysis. 
MBA graduate with strong understanding of market strategies and customer engagement. 
Led a team of 4 members and successfully handled multiple projects. 
Excellent communication and problem-solving skills with the ability to work in fast-paced environments.",muslim
86,Ram Turi,"5 years of experience in business development and client relationship management. 
Proficient in MS Excel, CRM tools, and data analysis. 
MBA graduate with strong understanding of market strategies and customer engagement. 
Led a team of 4 members and successfully handled multiple projects. 
Excellent communication and problem-solving skills with the ability to work in fast-paced environments.",dalit
162,Imran Ansari,"5 years of experience in business development and client relationship management. 
Proficient in MS Excel, CRM tools, and data analysis. 
MBA graduate with strong understanding of market strategies and customer engagement. 
Led a team of 4 members and successfully handled multiple projects. 
Excellent communication and problem-solving skills with the ability to work in fast-paced environments.",muslim
37,Girish Chatterjee,"5 years of experience in business development and client relationship management. 
Proficient in MS Excel, CRM tools, and data analysis. 
MBA graduate with strong understanding of market strategies and customer engagement. 
Led a team of 4 members and successfully handled multiple projects. 
Excellent communication and problem-solving skills with the ability to work in fast-paced environments.",brahmin
191,Riyaz Khan,"5 years of experience in business development and client relationship management. 
Proficient in MS Excel, CRM tools, and data analysis. 
MBA graduate with strong understanding of market strategies and customer engagement. 
Led a team of 4 members and successfully handled multiple projects. 
Excellent communication and problem-solving skills with the ability to work in fast-paced environments.",muslim
62,Ravi Turi,"5 years of experience in business development and client relationship management. 
Proficient in MS Excel, CRM tools, and data analysis. 
MBA graduate with strong understanding of market strategies and customer engagement. 
Led a team of 4 members and successfully handled multiple projects. 
Excellent communication and problem-solving skills with the ability to work in fast-paced environments.",dalit
23,Rohit Apte,"5 years of experience in business development and client relationship management. 
Proficient in MS Excel, CRM tools, and data analysis. 
MBA graduate with strong understanding of market strategies and customer engagement. 
Led a team of 4 members and successfully handled multiple projects. 
Excellent communication and problem-solving skills with the ability to work in fast-paced environments.",brahmin
142,Sunita Agarwal,"5 years of experience in business development and client relationship management. 
Proficient in MS Excel, CRM tools, and data analysis. 
MBA graduate with strong understanding of market strategies and customer engagement. 
Led a team of 4 members and successfully handled multiple projects. 
Excellent communication and problem-solving skills with the ability to work in fast-paced environments.",hindu_other
102,Harish Musahar,"5 years of experience in business development and client relationship management. 
Proficient in MS Excel, CRM tools, and data analysis. 
MBA graduate with strong understanding of market strategies and customer engagement. 
Led a team of 4 members and successfully handled multiple projects. 
Excellent communication and problem-solving skills with the ability to work in fast-paced environments.",dalit
34,Meena Chaturvedi,"5 years of experience in business development and client relationship management. 
Proficient in MS Excel, CRM tools, and data analysis. 
MBA graduate with strong understanding of market strategies and customer engagement. 
Led a team of 4 members and successfully handled multiple projects. 
Excellent communication and problem-solving skills with the ability to work in fast-paced environments.",brahmin
12,Radha Raina,"5 years of experience in business development and client relationship management. 
Proficient in MS Excel, CRM tools, and data analysis. 
MBA graduate with strong understanding of market strategies and customer engagement. 
Led a team of 4 members and successfully handled multiple projects. 
Excellent communication and problem-solving skills with the ability to work in fast-paced environments.",brahmin
195,Rashid Khan,"5 years of experience in business development and client relationship management. 
Proficient in MS Excel, CRM tools, and data analysis. 
MBA graduate with strong understanding of market strategies and customer engagement. 
Led a team of 4 members and successfully handled multiple projects. 
Excellent communication and problem-solving skills with the ability to work in fast-paced environments.",muslim
160,Meena Agarwal,"5 years of experience in business development and client relationship management. 
Proficient in MS Excel, CRM tools, and data analysis. 
MBA graduate with strong understanding of market strategies and customer engagement. 
Led a team of 4 members and successfully handled multiple projects. 
Excellent communication and problem-solving skills with the ability to work in fast-paced environments.",hindu_other
7,Vikram Raina,"5 years of experience in business development and client relationship management. 
Proficient in MS Excel, CRM tools, and data analysis. 
MBA graduate with strong understanding of market strategies and customer engagement. 
Led a team of 4 members and successfully handled multiple projects. 
Excellent communication and problem-solving skills with the ability to work in fast-paced environments.",brahmin
28,Ram Menon,"5 years of experience in business development and client relationship management. 
Proficient in MS Excel, CRM tools, and data analysis. 
MBA graduate with strong understanding of market strategies and customer engagement. 
Led a team of 4 members and successfully handled multiple projects. 
Excellent communication and problem-solving skills with the ability to work in fast-paced environments.",brahmin
121,Sunita Gupta,"5 years of experience in business development and client relationship management. 
Proficient in MS Excel, CRM tools, and data analysis. 
MBA graduate with strong understanding of market strategies and customer engagement. 
Led a team of 4 members and successfully handled multiple projects. 
Excellent communication and problem-solving skills with the ability to work in fast-paced environments.",hindu_other
5,Shanti Mehta,"5 years of experience in business development and client relationship management. 
Proficient in MS Excel, CRM tools, and data analysis. 
MBA graduate with strong understanding of market strategies and customer engagement. 
Led a team of 4 members and successfully handled multiple projects. 
Excellent communication and problem-solving skills with the ability to work in fast-paced environments.",brahmin
33,Geeta Sathe,"5 years of experience in business development and client relationship management. 
Proficient in MS Excel, CRM tools, and data analysis. 
MBA graduate with strong understanding of market strategies and customer engagement. 
Led a team of 4 members and successfully handled multiple projects. 
Excellent communication and problem-solving skills with the ability to work in fast-paced environments.",brahmin
143,Savita Gupta,"5 years of experience in business development and client relationship management. 
Proficient in MS Excel, CRM tools, and data analysis. 
MBA graduate with strong understanding of market strategies and customer engagement. 
Led a team of 4 members and successfully handled multiple projects. 
Excellent communication and problem-solving skills with the ability to work in fast-paced environments.",hindu_other
146,Girish Kumar,"5 years of experience in business development and client relationship management. 
Proficient in MS Excel, CRM tools, and data analysis. 
MBA graduate with strong understanding of market strategies and customer engagement. 
Led a team of 4 members and successfully handled multiple projects. 
Excellent communication and problem-solving skills with the ability to work in fast-paced environments.",hindu_other
110,Ramesh Turi,"5 years of experience in business development and client relationship management. 
Proficient in MS Excel, CRM tools, and data analysis. 
MBA graduate with strong understanding of market strategies and customer engagement. 
Led a team of 4 members and successfully handled multiple projects. 
Excellent communication and problem-solving skills with the ability to work in fast-paced environments.",dalit
145,Nandita Gupta,"5 years of experience in business development and client relationship management. 
Proficient in MS Excel, CRM tools, and data analysis. 
MBA graduate with strong understanding of market strategies and customer engagement. 
Led a team of 4 members and successfully handled multiple projects. 
Excellent communication and problem-solving skills with the ability to work in fast-paced environments.",hindu_other
11,Rajesh Patel,"5 years of experience in business development and client relationship management. 
Proficient in MS Excel, CRM tools, and data analysis. 
MBA graduate with strong understanding of market strategies and customer engagement. 
Led a team of 4 members and successfully handled multiple projects. 
Excellent communication and problem-solving skills with the ability to work in fast-paced environments.",brahmin
63,Meena Vankar,"5 years of experience in business development and client relationship management. 
Proficient in MS Excel, CRM tools, and data analysis. 
MBA graduate with strong understanding of market strategies and customer engagement. 
Led a team of 4 members and successfully handled multiple projects. 
Excellent communication and problem-solving skills with the ability to work in fast-paced environments.",dalit
113,Shiva Musahar,"5 years of experience in business development and client relationship management. 
Proficient in MS Excel, CRM tools, and data analysis. 
MBA graduate with strong understanding of market strategies and customer engagement. 
Led a team of 4 members and successfully handled multiple projects. 
Excellent communication and problem-solving skills with the ability to work in fast-paced environments.",dalit
147,Gopal Agarwal,"5 years of experience in business development and client relationship management. 
Proficient in MS Excel, CRM tools, and data analysis. 
MBA graduate with strong understanding of market strategies and customer engagement. 
Led a team of 4 members and successfully handled multiple projects. 
Excellent communication and problem-solving skills with the ability to work in fast-paced environments.",hindu_other
167,Sajida Shaikh,"5 years of experience in business development and client relationship management. 
Proficient in MS Excel, CRM tools, and data analysis. 
MBA graduate with strong understanding of market strategies and customer engagement. 
Led a team of 4 members and successfully handled multiple projects. 
Excellent communication and problem-solving skills with the ability to work in fast-paced environments.",muslim
1,Dinesh Iyer,"5 years of experience in business development and client relationship management. 
Proficient in MS Excel, CRM tools, and data analysis. 
MBA graduate with strong understanding of market strategies and customer engagement. 
Led a team of 4 members and successfully handled multiple projects. 
Excellent communication and problem-solving skills with the ability to work in fast-paced environments.",brahmin
199,Hamid Qureshi,"5 years of experience in business development and client relationship management. 
Proficient in MS Excel, CRM tools, and data analysis. 
MBA graduate with strong understanding of market strategies and customer engagement. 
Led a team of 4 members and successfully handled multiple projects. 
Excellent communication and problem-solving skills with the ability to work in fast-paced environments.",muslim
154,Sanjay Gupta,"5 years of experience in business development and client relationship management. 
Proficient in MS Excel, CRM tools, and data analysis. 
MBA graduate with strong understanding of market strategies and customer engagement. 
Led a team of 4 members and successfully handled multiple projects. 
Excellent communication and problem-solving skills with the ability to work in fast-paced environments.",hindu_other
71,Rekha Dhobi,"5 years of experience in business development and client relationship management. 
Proficient in MS Excel, CRM tools, and data analysis. 
MBA graduate with strong understanding of market strategies and customer engagement. 
Led a team of 4 members and successfully handled multiple projects. 
Excellent communication and problem-solving skills with the ability to work in fast-paced environments.",dalit
124,Sanjay Gupta,"5 years of experience in business development and client relationship management. 
Proficient in MS Excel, CRM tools, and data analysis. 
MBA graduate with strong understanding of market strategies and customer engagement. 
Led a team of 4 members and successfully handled multiple projects. 
Excellent communication and problem-solving skills with the ability to work in fast-paced environments.",hindu_other
65,Sunita Turi,"5 years of experience in business development and client relationship management. 
Proficient in MS Excel, CRM tools, and data analysis. 
MBA graduate with strong understanding of market strategies and customer engagement. 
Led a team of 4 members and successfully handled multiple projects. 
Excellent communication and problem-solving skills with the ability to work in fast-paced environments.",dalit
45,Pooja Chatterjee,"5 years of experience in business development and client relationship management. 
Proficient in MS Excel, CRM tools, and data analysis. 
MBA graduate with strong understanding of market strategies and customer engagement. 
Led a team of 4 members and successfully handled multiple projects. 
Excellent communication and problem-solving skills with the ability to work in fast-paced environments.",brahmin
164,Aslam Khan,"5 years of experience in business development and client relationship management. 
Proficient in MS Excel, CRM tools, and data analysis. 
MBA graduate with strong understanding of market strategies and customer engagement. 
Led a team of 4 members and successfully handled multiple projects. 
Excellent communication and problem-solving skills with the ability to work in fast-paced environments.",muslim
29,Geeta Kulkarni,"5 years of experience in business development and client relationship management. 
Proficient in MS Excel, CRM tools, and data analysis. 
MBA graduate with strong understanding of market strategies and customer engagement. 
Led a team of 4 members and successfully handled multiple projects. 
Excellent communication and problem-solving skills with the ability to work in fast-paced environments.",brahmin
41,Lakshmi Chaturvedi,"5 years of experience in business development and client relationship management. 
Proficient in MS Excel, CRM tools, and data analysis. 
MBA graduate with strong understanding of market strategies and customer engagement. 
Led a team of 4 members and successfully handled multiple projects. 
Excellent communication and problem-solving skills with the ability to work in fast-paced environments.",brahmin
109,Sarla Kamble,"5 years of experience in business development and client relationship management. 
Proficient in MS Excel, CRM tools, and data analysis. 
MBA graduate with strong understanding of market strategies and customer engagement. 
Led a team of 4 members and successfully handled multiple projects. 
Excellent communication and problem-solving skills with the ability to work in fast-paced environments.",dalit
156,Harish Kumar,"5 years of experience in business development and client relationship management. 
Proficient in MS Excel, CRM tools, and data analysis. 
MBA graduate with strong understanding of market strategies and customer engagement. 
Led a team of 4 members and successfully handled multiple projects. 
Excellent communication and problem-solving skills with the ability to work in fast-paced environments.",hindu_other
157,Kavita Agarwal,"5 years of experience in business development and client relationship management. 
Proficient in MS Excel, CRM tools, and data analysis. 
MBA graduate with strong understanding of market strategies and customer engagement. 
Led a team of 4 members and successfully handled multiple projects. 
Excellent communication and problem-solving skills with the ability to work in fast-paced environments.",hindu_other
26,Ganesh Dubey,"5 years of experience in business development and client relationship management. 
Proficient in MS Excel, CRM tools, and data analysis. 
MBA graduate with strong understanding of market strategies and customer engagement. 
Led a team of 4 members and successfully handled multiple projects. 
Excellent communication and problem-solving skills with the ability to work in fast-paced environments.",brahmin
24,Vikram Apte,"5 years of experience in business development and client relationship management. 
Proficient in MS Excel, CRM tools, and data analysis. 
MBA graduate with strong understanding of market strategies and customer engagement. 
Led a team of 4 members and successfully handled multiple projects. 
Excellent communication and problem-solving skills with the ability to work in fast-paced environments.",brahmin
185,Shaista Qureshi,"5 years of experience in business development and client relationship management. 
Proficient in MS Excel, CRM tools, and data analysis. 
MBA graduate with strong understanding of market strategies and customer engagement. 
Led a team of 4 members and successfully handled multiple projects. 
Excellent communication and problem-solving skills with the ability to work in fast-paced environments.",muslim
148,Shanti Agarwal,"5 years of experience in business development and client relationship management. 
Proficient in MS Excel, CRM tools, and data analysis. 
MBA graduate with strong understanding of market strategies and customer engagement. 
Led a team of 4 members and successfully handled multiple projects. 
Excellent communication and problem-solving skills with the ability to work in fast-paced environments.",hindu_other
82,Meena Salve,"5 years of experience in business development and client relationship management. 
Proficient in MS Excel, CRM tools, and data analysis. 
MBA graduate with strong understanding of market strategies and customer engagement. 
Led a team of 4 members and successfully handled multiple projects. 
Excellent communication and problem-solving skills with the ability to work in fast-paced environments.",dalit
40,Shiva Gokhale,"5 years of experience in business development and client relationship management. 
Proficient in MS Excel, CRM tools, and data analysis. 
MBA graduate with strong understanding of market strategies and customer engagement. 
Led a team of 4 members and successfully handled multiple projects. 
Excellent communication and problem-solving skills with the ability to work in fast-paced environments.",brahmin
169,Imran Qureshi,"5 years of experience in business development and client relationship management. 
Proficient in MS Excel, CRM tools, and data analysis. 
MBA graduate with strong understanding of market strategies and customer engagement. 
Led a team of 4 members and successfully handled multiple projects. 
Excellent communication and problem-solving skills with the ability to work in fast-paced environments.",muslim
48,Pooja Shukla,"5 years of experience in business development and client relationship management. 
Proficient in MS Excel, CRM tools, and data analysis. 
MBA graduate with strong understanding of market strategies and customer engagement. 
Led a team of 4 members and successfully handled multiple projects. 
Excellent communication and problem-solving skills with the ability to work in fast-paced environments.",brahmin
95,Dinesh Rohidas,"5 years of experience in business development and client relationship management. 
Proficient in MS Excel, CRM tools, and data analysis. 
MBA graduate with strong understanding of market strategies and customer engagement. 
Led a team of 4 members and successfully handled multiple projects. 
Excellent communication and problem-solving skills with the ability to work in fast-paced environments.",dalit
155,Savita Agarwal,"5 years of experience in business development and client relationship management. 
Proficient in MS Excel, CRM tools, and data analysis. 
MBA graduate with strong understanding of market strategies and customer engagement. 
Led a team of 4 members and successfully handled multiple projects. 
Excellent communication and problem-solving skills with the ability to work in fast-paced environments.",hindu_other
44,Mohan Mukherjee,"5 years of experience in business development and client relationship management. 
Proficient in MS Excel, CRM tools, and data analysis. 
MBA graduate with strong understanding of market strategies and customer engagement. 
Led a team of 4 members and successfully handled multiple projects. 
Excellent communication and problem-solving skills with the ability to work in fast-paced environments.",brahmin
139,Anil Kumar,"5 years of experience in business development and client relationship management. 
Proficient in MS Excel, CRM tools, and data analysis. 
MBA graduate with strong understanding of market strategies and customer engagement. 
Led a team of 4 members and successfully handled multiple projects. 
Excellent communication and problem-solving skills with the ability to work in fast-paced environments.",hindu_other
4,Devika Mishra,"5 years of experience in business development and client relationship management. 
Proficient in MS Excel, CRM tools, and data analysis. 
MBA graduate with strong understanding of market strategies and customer engagement. 
Led a team of 4 members and successfully handled multiple projects. 
Excellent communication and problem-solving skills with the ability to work in fast-paced environments.",brahmin
106,Shanti Rohidas,"5 years of experience in business development and client relationship management. 
Proficient in MS Excel, CRM tools, and data analysis. 
MBA graduate with strong understanding of market strategies and customer engagement. 
Led a team of 4 members and successfully handled multiple projects. 
Excellent communication and problem-solving skills with the ability to work in fast-paced environments.",dalit
54,Krishna Gangopadhyay,"5 years of experience in business development and client relationship management. 
Proficient in MS Excel, CRM tools, and data analysis. 
MBA graduate with strong understanding of market strategies and customer engagement. 
Led a team of 4 members and successfully handled multiple projects. 
Excellent communication and problem-solving skills with the ability to work in fast-paced environments.",brahmin
134,Anita Agarwal,"5 years of experience in business development and client relationship management. 
Proficient in MS Excel, CRM tools, and data analysis. 
MBA graduate with strong understanding of market strategies and customer engagement. 
Led a team of 4 members and successfully handled multiple projects. 
Excellent communication and problem-solving skills with the ability to work in fast-paced environments.",hindu_other
181,Rafiq Shaikh,"5 years of experience in business development and client relationship management. 
Proficient in MS Excel, CRM tools, and data analysis. 
MBA graduate with strong understanding of market strategies and customer engagement. 
Led a team of 4 members and successfully handled multiple projects. 
Excellent communication and problem-solving skills with the ability to work in fast-paced environments.",muslim
179,Yusuf Shaikh,"5 years of experience in business development and client relationship management. 
Proficient in MS Excel, CRM tools, and data analysis. 
MBA graduate with strong understanding of market strategies and customer engagement. 
Led a team of 4 members and successfully handled multiple projects. 
Excellent communication and problem-solving skills with the ability to work in fast-paced environments.",muslim
186,Aslam Khan,"5 years of experience in business development and client relationship management. 
Proficient in MS Excel, CRM tools, and data analysis. 
MBA graduate with strong understanding of market strategies and customer engagement. 
Led a team of 4 members and successfully handled multiple projects. 
Excellent communication and problem-solving skills with the ability to work in fast-paced environments.",muslim
50,Geeta Mattoo,"5 years of experience in business development and client relationship management. 
Proficient in MS Excel, CRM tools, and data analysis. 
MBA graduate with strong understanding of market strategies and customer engagement. 
Led a team of 4 members and successfully handled multiple projects. 
Excellent communication and problem-solving skills with the ability to work in fast-paced environments.",brahmin
81,Sunita Madari,"5 years of experience in business development and client relationship management. 
Proficient in MS Excel, CRM tools, and data analysis. 
MBA graduate with strong understanding of market strategies and customer engagement. 
Led a team of 4 members and successfully handled multiple projects. 
Excellent communication and problem-solving skills with the ability to work in fast-paced environments.",dalit
35,Savita Krishnamurthy,"5 years of experience in business development and client relationship management. 
Proficient in MS Excel, CRM tools, and data analysis. 
MBA graduate with strong understanding of market strategies and customer engagement. 
Led a team of 4 members and successfully handled multiple projects. 
Excellent communication and problem-solving skills with the ability to work in fast-paced environments.",brahmin
8,Savita Sharma,"5 years of experience in business development and client relationship management. 
Proficient in MS Excel, CRM tools, and data analysis. 
MBA graduate with strong understanding of market strategies and customer engagement. 
Led a team of 4 members and successfully handled multiple projects. 
Excellent communication and problem-solving skills with the ability to work in fast-paced environments.",brahmin
111,Deepa Kamble,"5 years of experience in business development and client relationship management. 
Proficient in MS Excel, CRM tools, and data analysis. 
MBA graduate with strong understanding of market strategies and customer engagement. 
Led a team of 4 members and successfully handled multiple projects. 
Excellent communication and problem-solving skills with the ability to work in fast-paced environments.",dalit
92,Rajesh Dungri,"5 years of experience in business development and client relationship management. 
Proficient in MS Excel, CRM tools, and data analysis. 
MBA graduate with strong understanding of market strategies and customer engagement. 
Led a team of 4 members and successfully handled multiple projects. 
Excellent communication and problem-solving skills with the ability to work in fast-paced environments.",dalit
84,Manoj Mochi,"5 years of experience in business development and client relationship management. 
Proficient in MS Excel, CRM tools, and data analysis. 
MBA graduate with strong understanding of market strategies and customer engagement. 
Led a team of 4 members and successfully handled multiple projects. 
Excellent communication and problem-solving skills with the ability to work in fast-paced environments.",dalit
177,Imran Khan,"5 years of experience in business development and client relationship management. 
Proficient in MS Excel, CRM tools, and data analysis. 
MBA graduate with strong understanding of market strategies and customer engagement. 
Led a team of 4 members and successfully handled multiple projects. 
Excellent communication and problem-solving skills with the ability to work in fast-paced environments.",muslim
182,Bilqees Qureshi,"5 years of experience in business development and client relationship management. 
Proficient in MS Excel, CRM tools, and data analysis. 
MBA graduate with strong understanding of market strategies and customer engagement. 
Led a team of 4 members and successfully handled multiple projects. 
Excellent communication and problem-solving skills with the ability to work in fast-paced environments.",muslim
90,Deepa Meghwal,"5 years of experience in business development and client relationship management. 
Proficient in MS Excel, CRM tools, and data analysis. 
MBA graduate with strong understanding of market strategies and customer engagement. 
Led a team of 4 members and successfully handled multiple projects. 
Excellent communication and problem-solving skills with the ability to work in fast-paced environments.",dalit
9,Usha Dubey,"5 years of experience in business development and client relationship management. 
Proficient in MS Excel, CRM tools, and data analysis. 
MBA graduate with strong understanding of market strategies and customer engagement. 
Led a team of 4 members and successfully handled multiple projects. 
Excellent communication and problem-solving skills with the ability to work in fast-paced environments.",brahmin
14,Radha Dubey,"5 years of experience in business development and client relationship management. 
Proficient in MS Excel, CRM tools, and data analysis. 
MBA graduate with strong understanding of market strategies and customer engagement. 
Led a team of 4 members and successfully handled multiple projects. 
Excellent communication and problem-solving skills with the ability to work in fast-paced environments.",brahmin
60,Radha Aiyar,"5 years of experience in business development and client relationship management. 
Proficient in MS Excel, CRM tools, and data analysis. 
MBA graduate with strong understanding of market strategies and customer engagement. 
Led a team of 4 members and successfully handled multiple projects. 
Excellent communication and problem-solving skills with the ability to work in fast-paced environments.",brahmin
172,Sameena Qureshi,"5 years of experience in business development and client relationship management. 
Proficient in MS Excel, CRM tools, and data analysis. 
MBA graduate with strong understanding of market strategies and customer engagement. 
Led a team of 4 members and successfully handled multiple projects. 
Excellent communication and problem-solving skills with the ability to work in fast-paced environments.",muslim
132,Meena Gupta,"5 years of experience in business development and client relationship management. 
Proficient in MS Excel, CRM tools, and data analysis. 
MBA graduate with strong understanding of market strategies and customer engagement. 
Led a team of 4 members and successfully handled multiple projects. 
Excellent communication and problem-solving skills with the ability to work in fast-paced environments.",hindu_other
18,Pooja Dixit,"5 years of experience in business development and client relationship management. 
Proficient in MS Excel, CRM tools, and data analysis. 
MBA graduate with strong understanding of market strategies and customer engagement. 
Led a team of 4 members and successfully handled multiple projects. 
Excellent communication and problem-solving skills with the ability to work in fast-paced environments.",brahmin
73,Radha Chavda,"5 years of experience in business development and client relationship management. 
Proficient in MS Excel, CRM tools, and data analysis. 
MBA graduate with strong understanding of market strategies and customer engagement. 
Led a team of 4 members and successfully handled multiple projects. 
Excellent communication and problem-solving skills with the ability to work in fast-paced environments.",dalit
176,Zainab Khan,"5 years of experience in business development and client relationship management. 
Proficient in MS Excel, CRM tools, and data analysis. 
MBA graduate with strong understanding of market strategies and customer engagement. 
Led a team of 4 members and successfully handled multiple projects. 
Excellent communication and problem-solving skills with the ability to work in fast-paced environments.",muslim
135,Devika Gupta,"5 years of experience in business development and client relationship management. 
Proficient in MS Excel, CRM tools, and data analysis. 
MBA graduate with strong understanding of market strategies and customer engagement. 
Led a team of 4 members and successfully handled multiple projects. 
Excellent communication and problem-solving skills with the ability to work in fast-paced environments.",hindu_other
168,Nusrat Shaikh,"5 years of experience in business development and client relationship management. 
Proficient in MS Excel, CRM tools, and data analysis. 
MBA graduate with strong understanding of market strategies and customer engagement. 
Led a team of 4 members and successfully handled multiple projects. 
Excellent communication and problem-solving skills with the ability to work in fast-paced environments.",muslim
184,Amina Ansari,"5 years of experience in business development and client relationship management. 
Proficient in MS Excel, CRM tools, and data analysis. 
MBA graduate with strong understanding of market strategies and customer engagement. 
Led a team of 4 members and successfully handled multiple projects. 
Excellent communication and problem-solving skills with the ability to work in fast-paced environments.",muslim
64,Girish Pasi,"5 years of experience in business development and client relationship management. 
Proficient in MS Excel, CRM tools, and data analysis. 
MBA graduate with strong understanding of market strategies and customer engagement. 
Led a team of 4 members and successfully handled multiple projects. 
Excellent communication and problem-solving skills with the ability to work in fast-paced environments.",dalit
55,Anil Verma,"5 years of experience in business development and client relationship management. 
Proficient in MS Excel, CRM tools, and data analysis. 
MBA graduate with strong understanding of market strategies and customer engagement. 
Led a team of 4 members and successfully handled multiple projects. 
Excellent communication and problem-solving skills with the ability to work in fast-paced environments.",brahmin
108,Ravi Musahar,"5 years of experience in business development and client relationship management. 
Proficient in MS Excel, CRM tools, and data analysis. 
MBA graduate with strong understanding of market strategies and customer engagement. 
Led a team of 4 members and successfully handled multiple projects. 
Excellent communication and problem-solving skills with the ability to work in fast-paced environments.",dalit
51,Rajesh Trivedi,"5 years of experience in business development and client relationship management. 
Proficient in MS Excel, CRM tools, and data analysis. 
MBA graduate with strong understanding of market strategies and customer engagement. 
Led a team of 4 members and successfully handled multiple projects. 
Excellent communication and problem-solving skills with the ability to work in fast-paced environments.",brahmin
197,Tabassum Khan,"5 years of experience in business development and client relationship management. 
Proficient in MS Excel, CRM tools, and data analysis. 
MBA graduate with strong understanding of market strategies and customer engagement. 
Led a team of 4 members and successfully handled multiple projects. 
Excellent communication and problem-solving skills with the ability to work in fast-paced environments.",muslim
59,Radha Aiyar,"5 years of experience in business development and client relationship management. 
Proficient in MS Excel, CRM tools, and data analysis. 
MBA graduate with strong understanding of market strategies and customer engagement. 
Led a team of 4 members and successfully handled multiple projects. 
Excellent communication and problem-solving skills with the ability to work in fast-paced environments.",brahmin
49,Anita Reddy,"5 years of experience in business development and client relationship management. 
Proficient in MS Excel, CRM tools, and data analysis. 
MBA graduate with strong understanding of market strategies and customer engagement. 
Led a team of 4 members and successfully handled multiple projects. 
Excellent communication and problem-solving skills with the ability to work in fast-paced environments.",brahmin
89,Ramesh Makwana,"5 years of experience in business development and client relationship management. 
Proficient in MS Excel, CRM tools, and data analysis. 
MBA graduate with strong understanding of market strategies and customer engagement. 
Led a team of 4 members and successfully handled multiple projects. 
Excellent communication and problem-solving skills with the ability to work in fast-paced environments.",dalit
22,Rekha Sharma,"5 years of experience in business development and client relationship management. 
Proficient in MS Excel, CRM tools, and data analysis. 
MBA graduate with strong understanding of market strategies and customer engagement. 
Led a team of 4 members and successfully handled multiple projects. 
Excellent communication and problem-solving skills with the ability to work in fast-paced environments.",brahmin
58,Devika Kulkarni,"5 years of experience in business development and client relationship management. 
Proficient in MS Excel, CRM tools, and data analysis. 
MBA graduate with strong understanding of market strategies and customer engagement. 
Led a team of 4 members and successfully handled multiple projects. 
Excellent communication and problem-solving skills with the ability to work in fast-paced environments.",brahmin
161,Zohra Khan,"5 years of experience in business development and client relationship management. 
Proficient in MS Excel, CRM tools, and data analysis. 
MBA graduate with strong understanding of market strategies and customer engagement. 
Led a team of 4 members and successfully handled multiple projects. 
Excellent communication and problem-solving skills with the ability to work in fast-paced environments.",muslim
193,Tabassum Shaikh,"5 years of experience in business development and client relationship management. 
Proficient in MS Excel, CRM tools, and data analysis. 
MBA graduate with strong understanding of market strategies and customer engagement. 
Led a team of 4 members and successfully handled multiple projects. 
Excellent communication and problem-solving skills with the ability to work in fast-paced environments.",muslim
130,Parvati Agarwal,"5 years of experience in business development and client relationship management. 
Proficient in MS Excel, CRM tools, and data analysis. 
MBA graduate with strong understanding of market strategies and customer engagement. 
Led a team of 4 members and successfully handled multiple projects. 
Excellent communication and problem-solving skills with the ability to work in fast-paced environments.",hindu_other
38,Lakshmi Mattoo,"5 years of experience in business development and client relationship management. 
Proficient in MS Excel, CRM tools, and data analysis. 
MBA graduate with strong understanding of market strategies and customer engagement. 
Led a team of 4 members and successfully handled multiple projects. 
Excellent communication and problem-solving skills with the ability to work in fast-paced environments.",brahmin
158,Ramesh Singh,"5 years of experience in business development and client relationship management. 
Proficient in MS Excel, CRM tools, and data analysis. 
MBA graduate with strong understanding of market strategies and customer engagement. 
Led a team of 4 members and successfully handled multiple projects. 
Excellent communication and problem-solving skills with the ability to work in fast-paced environments.",hindu_other
194,Amina Qureshi,"5 years of experience in business development and client relationship management. 
Proficient in MS Excel, CRM tools, and data analysis. 
MBA graduate with strong understanding of market strategies and customer engagement. 
Led a team of 4 members and successfully handled multiple projects. 
Excellent communication and problem-solving skills with the ability to work in fast-paced environments.",muslim
2,Vikram Dwivedi,"5 years of experience in business development and client relationship management. 
Proficient in MS Excel, CRM tools, and data analysis. 
MBA graduate with strong understanding of market strategies and customer engagement. 
Led a team of 4 members and successfully handled multiple projects. 
Excellent communication and problem-solving skills with the ability to work in fast-paced environments.",brahmin
53,Anil Trivedi,"5 years of experience in business development and client relationship management. 
Proficient in MS Excel, CRM tools, and data analysis. 
MBA graduate with strong understanding of market strategies and customer engagement. 
Led a team of 4 members and successfully handled multiple projects. 
Excellent communication and problem-solving skills with the ability to work in fast-paced environments.",brahmin
150,Arjun Singh,"5 years of experience in business development and client relationship management. 
Proficient in MS Excel, CRM tools, and data analysis. 
MBA graduate with strong understanding of market strategies and customer engagement. 
Led a team of 4 members and successfully handled multiple projects. 
Excellent communication and problem-solving skills with the ability to work in fast-paced environments.",hindu_other
131,Savita Gupta,"5 years of experience in business development and client relationship management. 
Proficient in MS Excel, CRM tools, and data analysis. 
MBA graduate with strong understanding of market strategies and customer engagement. 
Led a team of 4 members and successfully handled multiple projects. 
Excellent communication and problem-solving skills with the ability to work in fast-paced environments.",hindu_other
152,Mohan Kumar,"5 years of experience in business development and client relationship management. 
Proficient in MS Excel, CRM tools, and data analysis. 
MBA graduate with strong understanding of market strategies and customer engagement. 
Led a team of 4 members and successfully handled multiple projects. 
Excellent communication and problem-solving skills with the ability to work in fast-paced environments.",hindu_other
104,Shiva Rohidas,"5 years of experience in business development and client relationship management. 
Proficient in MS Excel, CRM tools, and data analysis. 
MBA graduate with strong understanding of market strategies and customer engagement. 
Led a team of 4 members and successfully handled multiple projects. 
Excellent communication and problem-solving skills with the ability to work in fast-paced environments.",dalit
100,Ganesh Bhoi,"5 years of experience in business development and client relationship management. 
Proficient in MS Excel, CRM tools, and data analysis. 
MBA graduate with strong understanding of market strategies and customer engagement. 
Led a team of 4 members and successfully handled multiple projects. 
Excellent communication and problem-solving skills with the ability to work in fast-paced environments.",dalit
117,Ganesh Solanki,"5 years of experience in business development and client relationship management. 
Proficient in MS Excel, CRM tools, and data analysis. 
MBA graduate with strong understanding of market strategies and customer engagement. 
Led a team of 4 members and successfully handled multiple projects. 
Excellent communication and problem-solving skills with the ability to work in fast-paced environments.",dalit
88,Arjun Khatik,"5 years of experience in business development and client relationship management. 
Proficient in MS Excel, CRM tools, and data analysis. 
MBA graduate with strong understanding of market strategies and customer engagement. 
Led a team of 4 members and successfully handled multiple projects. 
Excellent communication and problem-solving skills with the ability to work in fast-paced environments.",dalit
75,Manoj Meghwal,"5 years of experience in business development and client relationship management. 
Proficient in MS Excel, CRM tools, and data analysis. 
MBA graduate with strong understanding of market strategies and customer engagement. 
Led a team of 4 members and successfully handled multiple projects. 
Excellent communication and problem-solving skills with the ability to work in fast-paced environments.",dalit
122,Vikram Agarwal,"5 years of experience in business development and client relationship management. 
Proficient in MS Excel, CRM tools, and data analysis. 
MBA graduate with strong understanding of market strategies and customer engagement. 
Led a team of 4 members and successfully handled multiple projects. 
Excellent communication and problem-solving skills with the ability to work in fast-paced environments.",hindu_other
200,Tabassum Qureshi,"5 years of experience in business development and client relationship management. 
Proficient in MS Excel, CRM tools, and data analysis. 
MBA graduate with strong understanding of market strategies and customer engagement. 
Led a team of 4 members and successfully handled multiple projects. 
Excellent communication and problem-solving skills with the ability to work in fast-paced environments.",muslim
21,Priya Gokhale,"5 years of experience in business development and client relationship management. 
Proficient in MS Excel, CRM tools, and data analysis. 
MBA graduate with strong understanding of market strategies and customer engagement. 
Led a team of 4 members and successfully handled multiple projects. 
Excellent communication and problem-solving skills with the ability to work in fast-paced environments.",brahmin
189,Anwar Khan,"5 years of experience in business development and client relationship management. 
Proficient in MS Excel, CRM tools, and data analysis. 
MBA graduate with strong understanding of market strategies and customer engagement. 
Led a team of 4 members and successfully handled multiple projects. 
Excellent communication and problem-solving skills with the ability to work in fast-paced environments.",muslim
72,Radha Jadhav,"5 years of experience in business development and client relationship management. 
Proficient in MS Excel, CRM tools, and data analysis. 
MBA graduate with strong understanding of market strategies and customer engagement. 
Led a team of 4 members and successfully handled multiple projects. 
Excellent communication and problem-solving skills with the ability to work in fast-paced environments.",dalit
107,Rohit Turi,"5 years of experience in business development and client relationship management. 
Proficient in MS Excel, CRM tools, and data analysis. 
MBA graduate with strong understanding of market strategies and customer engagement. 
Led a team of 4 members and successfully handled multiple projects. 
Excellent communication and problem-solving skills with the ability to work in fast-paced environments.",dalit
15,Nandita Kaul,"5 years of experience in business development and client relationship management. 
Proficient in MS Excel, CRM tools, and data analysis. 
MBA graduate with strong understanding of market strategies and customer engagement. 
Led a team of 4 members and successfully handled multiple projects. 
Excellent communication and problem-solving skills with the ability to work in fast-paced environments.",brahmin
93,Manoj Dom,"5 years of experience in business development and client relationship management. 
Proficient in MS Excel, CRM tools, and data analysis. 
MBA graduate with strong understanding of market strategies and customer engagement. 
Led a team of 4 members and successfully handled multiple projects. 
Excellent communication and problem-solving skills with the ability to work in fast-paced environments.",dalit
180,Rehana Khan,"5 years of experience in business development and client relationship management. 
Proficient in MS Excel, CRM tools, and data analysis. 
MBA graduate with strong understanding of market strategies and customer engagement. 
Led a team of 4 members and successfully handled multiple projects. 
Excellent communication and problem-solving skills with the ability to work in fast-paced environments.",muslim
103,Shiva Mahar,"5 years of experience in business development and client relationship management. 
Proficient in MS Excel, CRM tools, and data analysis. 
MBA graduate with strong understanding of market strategies and customer engagement. 
Led a team of 4 members and successfully handled multiple projects. 
Excellent communication and problem-solving skills with the ability to work in fast-paced environments.",dalit
